{"cameraMode":{"drawMode":0,"name":"Shaded","section":"Shading Mode"},"sceneLighting":true,"audioPlay":false,"sceneViewState":{"m_AlwaysRefresh":false,"showFog":true,"showSkybox":true,"showFlares":true,"showImageEffects":true,"showParticleSystems":true,"showVisualEffectGraphs":true,"m_FxEnabled":true},"in2DMode":false,"pivot":{"x":42.61925506591797,"y":8.718801498413086,"z":20.996381759643556},"rotation":{"x":-0.22466444969177247,"y":-0.19376255571842194,"z":0.045636143535375598,"w":-0.9538875818252564},"size":21.133766174316408,"orthographic":false}